[
{
  "model": "BaaS.subscriptiontype",
  "pk": 1,
  "fields": {
    "title": "Day pass",
    "description": "Take as many rides as you want for a day, up to 60 minutes at a time. Perfect for days with many plans, if you are a visitor, or if you want to explore your own city for a day.",
    "price": 69,
    "duration": 1
  }
},
{
  "model": "BaaS.subscriptiontype",
  "pk": 2,
  "fields": {
    "title": "Monthly subscription",
    "description": "Take as many rides as you want during 30 days, up to 60 minutes at a time. For you who want to use a bike without commitment, or have plans later this year.",
    "price": 149,
    "duration": 30
  }
},
{
  "model": "BaaS.subscriptiontype",
  "pk": 3,
  "fields": {
    "title": "Season pass",
    "description": "Take as many rides as you want for 180 days up to 60 minutes at a time. Ideal for the frequent user who likes things uncomplicated.",
    "price": 499,
    "duration": 180
  }
},
{
  "model": "BaaS.station",
  "pk": 1,
  "fields": {
    "address": "Dronning Eufemias gate 30",
    "latitude": 59.908434815973195,
    "longitude": 10.758127356534848,
    "bike_capacity": 10
  }
},
{
  "model": "BaaS.station",
  "pk": 2,
  "fields": {
    "address": "Karl Johans gate 27",
    "latitude": 59.91379344987551,
    "longitude": 10.74011614116743,
    "bike_capacity": 10
  }
},
{
  "model": "BaaS.station",
  "pk": 3,
  "fields": {
    "address": "Grønlandsleiret 19",
    "latitude": 59.912572224268295,
    "longitude": 10.764728073869872,
    "bike_capacity": 10
  }
},
{
  "model": "BaaS.station",
  "pk": 4,
  "fields": {
    "address": "Øvre slottsgate 3",
    "latitude": 59.91132186957413,
    "longitude": 10.740343330669724,
    "bike_capacity": 10
  }
},
{
  "model": "BaaS.station",
  "pk": 5,
  "fields": {
    "address": "Kongens gate 1B",
    "latitude": 59.90547860532858,
    "longitude": 10.738861390329127,
    "bike_capacity": 10
  }
},
{
  "model": "BaaS.station",
  "pk": 6,
  "fields": {
    "address": "Sørengkaia 124",
    "latitude": 59.90157029121791,
    "longitude": 10.752400104800403,
    "bike_capacity": 10
  }
},
{
  "model": "BaaS.station",
  "pk": 7,
  "fields": {
    "address": "Youngstorget",
    "latitude": 59.91496379222113,
    "longitude": 10.748882826705179,
    "bike_capacity": 10
  }
},
{
  "model": "BaaS.station",
  "pk": 8,
  "fields": {
    "address": "Akersveien 24F",
    "latitude": 59.921859882647084,
    "longitude": 10.747437476864828,
    "bike_capacity": 10
  }
},
{
  "model": "BaaS.station",
  "pk": 9,
  "fields": {
    "address": "Pilestredet Park",
    "latitude": 59.92033539158914,
    "longitude": 10.73739706795971,
    "bike_capacity": 10
  }
},
{
  "model": "BaaS.station",
  "pk": 10,
  "fields": {
    "address": "Slottsplassen 1",
    "latitude": 59.91725419527794,
    "longitude": 10.727407692831662,
    "bike_capacity": 10
  }
},
{
  "model": "BaaS.station",
  "pk": 11,
  "fields": {
    "address": "Briskebyveien 31",
    "latitude": 59.92279280741595,
    "longitude": 10.715625351346592,
    "bike_capacity": 10
  }
},
{
  "model": "BaaS.station",
  "pk": 12,
  "fields": {
    "address": "Drammensveien 39",
    "latitude": 59.91355821633348,
    "longitude": 10.713722612582059,
    "bike_capacity": 10
  }
},
{
  "model": "BaaS.station",
  "pk": 13,
  "fields": {
    "address": "Frognerveien 67",
    "latitude": 59.92415897859409,
    "longitude": 10.702452547659405,
    "bike_capacity": 10
  }
},
{
  "model": "BaaS.station",
  "pk": 14,
  "fields": {
    "address": "Drammensveien 177",
    "latitude": 59.920976125673164,
    "longitude": 10.672141519587473,
    "bike_capacity": 10
  }
},
{
  "model": "BaaS.station",
  "pk": 15,
  "fields": {
    "address": "Vogts gate 59",
    "latitude": 59.936655747155974,
    "longitude": 10.765433607626978,
    "bike_capacity": 10
  }
},
{
  "model": "BaaS.station",
  "pk": 16,
  "fields": {
    "address": "Dronning Margretes Vei 11",
    "latitude": 59.9211816338701,
    "longitude": 10.805841257289094,
    "bike_capacity": 10
  }
},
{
  "model": "BaaS.station",
  "pk": 17,
  "fields": {
    "address": "Kirkeveien 59",
    "latitude": 59.92972793217751,
    "longitude": 10.716498867327598,
    "bike_capacity": 10
  }
},
{
  "model": "BaaS.station",
  "pk": 18,
  "fields": {
    "address": "Kirkeveien 166",
    "latitude": 59.937269885118425,
    "longitude": 10.738078210818427,
    "bike_capacity": 10
  }
},
{
  "model": "BaaS.station",
  "pk": 19,
  "fields": {
    "address": "Olaf Ryes plass 11",
    "latitude": 59.923756930043204,
    "longitude": 10.758516892627405,
    "bike_capacity": 10
  }
},
{
  "model": "BaaS.bike",
  "pk": 1,
  "fields": {
    "current_station": 1,
    "available": true,
    "keycode": "0000"
  }
},
{
  "model": "BaaS.bike",
  "pk": 2,
  "fields": {
    "current_station": 1,
    "available": true,
    "keycode": "0000"
  }
},
{
  "model": "BaaS.bike",
  "pk": 3,
  "fields": {
    "current_station": 1,
    "available": true,
    "keycode": "0000"
  }
},
{
  "model": "BaaS.bike",
  "pk": 4,
  "fields": {
    "current_station": 1,
    "available": true,
    "keycode": "0000"
  }
},
{
  "model": "BaaS.bike",
  "pk": 5,
  "fields": {
    "current_station": 1,
    "available": true,
    "keycode": "0000"
  }
},
{
  "model": "BaaS.bike",
  "pk": 6,
  "fields": {
    "current_station": 1,
    "available": true,
    "keycode": "0000"
  }
},
{
  "model": "BaaS.bike",
  "pk": 7,
  "fields": {
    "current_station": 2,
    "available": true,
    "keycode": "0000"
  }
},
{
  "model": "BaaS.bike",
  "pk": 8,
  "fields": {
    "current_station": 2,
    "available": true,
    "keycode": "0000"
  }
},
{
  "model": "BaaS.bike",
  "pk": 9,
  "fields": {
    "current_station": 2,
    "available": true,
    "keycode": "0000"
  }
},
{
  "model": "BaaS.bike",
  "pk": 10,
  "fields": {
    "current_station": 2,
    "available": true,
    "keycode": "0000"
  }
},
{
  "model": "BaaS.bike",
  "pk": 11,
  "fields": {
    "current_station": 2,
    "available": true,
    "keycode": "0000"
  }
},
{
  "model": "BaaS.bike",
  "pk": 12,
  "fields": {
    "current_station": 2,
    "available": true,
    "keycode": "0000"
  }
},
{
  "model": "BaaS.bike",
  "pk": 13,
  "fields": {
    "current_station": 2,
    "available": true,
    "keycode": "0000"
  }
},
{
  "model": "BaaS.bike",
  "pk": 14,
  "fields": {
    "current_station": 2,
    "available": true,
    "keycode": "0000"
  }
},
{
  "model": "BaaS.bike",
  "pk": 15,
  "fields": {
    "current_station": 2,
    "available": true,
    "keycode": "0000"
  }
},
{
  "model": "BaaS.bike",
  "pk": 16,
  "fields": {
    "current_station": 2,
    "available": true,
    "keycode": "0000"
  }
},
{
  "model": "BaaS.bike",
  "pk": 17,
  "fields": {
    "current_station": 4,
    "available": true,
    "keycode": "0000"
  }
},
{
  "model": "BaaS.bike",
  "pk": 18,
  "fields": {
    "current_station": 4,
    "available": true,
    "keycode": "0000"
  }
},
{
  "model": "BaaS.bike",
  "pk": 19,
  "fields": {
    "current_station": 4,
    "available": true,
    "keycode": "0000"
  }
},
{
  "model": "BaaS.bike",
  "pk": 20,
  "fields": {
    "current_station": 5,
    "available": true,
    "keycode": "0000"
  }
},
{
  "model": "BaaS.bike",
  "pk": 21,
  "fields": {
    "current_station": 5,
    "available": true,
    "keycode": "0000"
  }
},
{
  "model": "BaaS.bike",
  "pk": 22,
  "fields": {
    "current_station": 5,
    "available": true,
    "keycode": "0000"
  }
},
{
  "model": "BaaS.bike",
  "pk": 23,
  "fields": {
    "current_station": 5,
    "available": true,
    "keycode": "0000"
  }
},
{
  "model": "BaaS.bike",
  "pk": 24,
  "fields": {
    "current_station": 5,
    "available": true,
    "keycode": "0000"
  }
},
{
  "model": "BaaS.bike",
  "pk": 25,
  "fields": {
    "current_station": 5,
    "available": true,
    "keycode": "0000"
  }
},
{
  "model": "BaaS.bike",
  "pk": 26,
  "fields": {
    "current_station": 6,
    "available": true,
    "keycode": "0000"
  }
},
{
  "model": "BaaS.bike",
  "pk": 27,
  "fields": {
    "current_station": 6,
    "available": true,
    "keycode": "0000"
  }
},
{
  "model": "BaaS.bike",
  "pk": 28,
  "fields": {
    "current_station": 6,
    "available": true,
    "keycode": "0000"
  }
},
{
  "model": "BaaS.bike",
  "pk": 29,
  "fields": {
    "current_station": 6,
    "available": true,
    "keycode": "0000"
  }
},
{
  "model": "BaaS.bike",
  "pk": 30,
  "fields": {
    "current_station": 6,
    "available": true,
    "keycode": "0000"
  }
},
{
  "model": "BaaS.bike",
  "pk": 31,
  "fields": {
    "current_station": 6,
    "available": true,
    "keycode": "0000"
  }
},
{
  "model": "BaaS.bike",
  "pk": 32,
  "fields": {
    "current_station": 6,
    "available": true,
    "keycode": "0000"
  }
},
{
  "model": "BaaS.bike",
  "pk": 33,
  "fields": {
    "current_station": 6,
    "available": true,
    "keycode": "0000"
  }
},
{
  "model": "BaaS.bike",
  "pk": 34,
  "fields": {
    "current_station": 7,
    "available": true,
    "keycode": "0000"
  }
},
{
  "model": "BaaS.bike",
  "pk": 35,
  "fields": {
    "current_station": 8,
    "available": true,
    "keycode": "0000"
  }
},
{
  "model": "BaaS.bike",
  "pk": 36,
  "fields": {
    "current_station": 8,
    "available": true,
    "keycode": "0000"
  }
},
{
  "model": "BaaS.bike",
  "pk": 37,
  "fields": {
    "current_station": 8,
    "available": true,
    "keycode": "0000"
  }
},
{
  "model": "BaaS.bike",
  "pk": 38,
  "fields": {
    "current_station": 8,
    "available": true,
    "keycode": "0000"
  }
},
{
  "model": "BaaS.bike",
  "pk": 39,
  "fields": {
    "current_station": 8,
    "available": true,
    "keycode": "0000"
  }
},
{
  "model": "BaaS.bike",
  "pk": 40,
  "fields": {
    "current_station": 9,
    "available": true,
    "keycode": "0000"
  }
},
{
  "model": "BaaS.bike",
  "pk": 41,
  "fields": {
    "current_station": 9,
    "available": true,
    "keycode": "0000"
  }
},
{
  "model": "BaaS.bike",
  "pk": 42,
  "fields": {
    "current_station": 9,
    "available": true,
    "keycode": "0000"
  }
},
{
  "model": "BaaS.bike",
  "pk": 43,
  "fields": {
    "current_station": 9,
    "available": true,
    "keycode": "0000"
  }
},
{
  "model": "BaaS.bike",
  "pk": 44,
  "fields": {
    "current_station": 9,
    "available": true,
    "keycode": "0000"
  }
},
{
  "model": "BaaS.bike",
  "pk": 45,
  "fields": {
    "current_station": 9,
    "available": true,
    "keycode": "0000"
  }
},
{
  "model": "BaaS.bike",
  "pk": 46,
  "fields": {
    "current_station": 10,
    "available": true,
    "keycode": "0000"
  }
},
{
  "model": "BaaS.bike",
  "pk": 47,
  "fields": {
    "current_station": 10,
    "available": true,
    "keycode": "0000"
  }
},
{
  "model": "BaaS.bike",
  "pk": 48,
  "fields": {
    "current_station": 11,
    "available": true,
    "keycode": "0000"
  }
},
{
  "model": "BaaS.bike",
  "pk": 49,
  "fields": {
    "current_station": 11,
    "available": true,
    "keycode": "0000"
  }
},
{
  "model": "BaaS.bike",
  "pk": 50,
  "fields": {
    "current_station": 11,
    "available": true,
    "keycode": "0000"
  }
},
{
  "model": "BaaS.bike",
  "pk": 51,
  "fields": {
    "current_station": 11,
    "available": true,
    "keycode": "0000"
  }
},
{
  "model": "BaaS.bike",
  "pk": 52,
  "fields": {
    "current_station": 11,
    "available": true,
    "keycode": "0000"
  }
},
{
  "model": "BaaS.bike",
  "pk": 53,
  "fields": {
    "current_station": 11,
    "available": true,
    "keycode": "0000"
  }
},
{
  "model": "BaaS.bike",
  "pk": 54,
  "fields": {
    "current_station": 11,
    "available": true,
    "keycode": "0000"
  }
},
{
  "model": "BaaS.bike",
  "pk": 55,
  "fields": {
    "current_station": 11,
    "available": true,
    "keycode": "0000"
  }
},
{
  "model": "BaaS.bike",
  "pk": 56,
  "fields": {
    "current_station": 11,
    "available": true,
    "keycode": "0000"
  }
},
{
  "model": "BaaS.bike",
  "pk": 57,
  "fields": {
    "current_station": 12,
    "available": true,
    "keycode": "0000"
  }
},
{
  "model": "BaaS.bike",
  "pk": 58,
  "fields": {
    "current_station": 12,
    "available": true,
    "keycode": "0000"
  }
},
{
  "model": "BaaS.bike",
  "pk": 59,
  "fields": {
    "current_station": 12,
    "available": true,
    "keycode": "0000"
  }
},
{
  "model": "BaaS.bike",
  "pk": 60,
  "fields": {
    "current_station": 12,
    "available": true,
    "keycode": "0000"
  }
},
{
  "model": "BaaS.bike",
  "pk": 61,
  "fields": {
    "current_station": 13,
    "available": true,
    "keycode": "0000"
  }
},
{
  "model": "BaaS.bike",
  "pk": 62,
  "fields": {
    "current_station": 13,
    "available": true,
    "keycode": "0000"
  }
},
{
  "model": "BaaS.bike",
  "pk": 63,
  "fields": {
    "current_station": 13,
    "available": true,
    "keycode": "0000"
  }
},
{
  "model": "BaaS.bike",
  "pk": 64,
  "fields": {
    "current_station": 13,
    "available": true,
    "keycode": "0000"
  }
},
{
  "model": "BaaS.bike",
  "pk": 65,
  "fields": {
    "current_station": 13,
    "available": true,
    "keycode": "0000"
  }
},
{
  "model": "BaaS.bike",
  "pk": 66,
  "fields": {
    "current_station": 13,
    "available": true,
    "keycode": "0000"
  }
},
{
  "model": "BaaS.bike",
  "pk": 67,
  "fields": {
    "current_station": 14,
    "available": true,
    "keycode": "0000"
  }
},
{
  "model": "BaaS.bike",
  "pk": 68,
  "fields": {
    "current_station": 14,
    "available": true,
    "keycode": "0000"
  }
},
{
  "model": "BaaS.bike",
  "pk": 69,
  "fields": {
    "current_station": 14,
    "available": true,
    "keycode": "0000"
  }
},
{
  "model": "BaaS.bike",
  "pk": 70,
  "fields": {
    "current_station": 14,
    "available": true,
    "keycode": "0000"
  }
},
{
  "model": "BaaS.bike",
  "pk": 71,
  "fields": {
    "current_station": 14,
    "available": true,
    "keycode": "0000"
  }
},
{
  "model": "BaaS.bike",
  "pk": 72,
  "fields": {
    "current_station": 14,
    "available": true,
    "keycode": "0000"
  }
},
{
  "model": "BaaS.bike",
  "pk": 73,
  "fields": {
    "current_station": 14,
    "available": true,
    "keycode": "0000"
  }
},
{
  "model": "BaaS.bike",
  "pk": 74,
  "fields": {
    "current_station": 15,
    "available": true,
    "keycode": "0000"
  }
},
{
  "model": "BaaS.bike",
  "pk": 75,
  "fields": {
    "current_station": 15,
    "available": true,
    "keycode": "0000"
  }
},
{
  "model": "BaaS.bike",
  "pk": 76,
  "fields": {
    "current_station": 15,
    "available": true,
    "keycode": "0000"
  }
},
{
  "model": "BaaS.bike",
  "pk": 77,
  "fields": {
    "current_station": 15,
    "available": true,
    "keycode": "0000"
  }
},
{
  "model": "BaaS.bike",
  "pk": 78,
  "fields": {
    "current_station": 15,
    "available": true,
    "keycode": "0000"
  }
},
{
  "model": "BaaS.bike",
  "pk": 79,
  "fields": {
    "current_station": 16,
    "available": true,
    "keycode": "0000"
  }
},
{
  "model": "BaaS.bike",
  "pk": 80,
  "fields": {
    "current_station": 17,
    "available": true,
    "keycode": "0000"
  }
},
{
  "model": "BaaS.bike",
  "pk": 81,
  "fields": {
    "current_station": 17,
    "available": true,
    "keycode": "0000"
  }
},
{
  "model": "BaaS.bike",
  "pk": 82,
  "fields": {
    "current_station": 17,
    "available": true,
    "keycode": "0000"
  }
},
{
  "model": "BaaS.bike",
  "pk": 83,
  "fields": {
    "current_station": 17,
    "available": true,
    "keycode": "0000"
  }
},
{
  "model": "BaaS.bike",
  "pk": 84,
  "fields": {
    "current_station": 17,
    "available": true,
    "keycode": "0000"
  }
},
{
  "model": "BaaS.bike",
  "pk": 85,
  "fields": {
    "current_station": 18,
    "available": true,
    "keycode": "0000"
  }
},
{
  "model": "BaaS.bike",
  "pk": 86,
  "fields": {
    "current_station": 18,
    "available": true,
    "keycode": "0000"
  }
},
{
  "model": "BaaS.bike",
  "pk": 87,
  "fields": {
    "current_station": 18,
    "available": true,
    "keycode": "0000"
  }
},
{
  "model": "BaaS.bike",
  "pk": 88,
  "fields": {
    "current_station": 18,
    "available": true,
    "keycode": "0000"
  }
},
{
  "model": "BaaS.bike",
  "pk": 89,
  "fields": {
    "current_station": 18,
    "available": true,
    "keycode": "0000"
  }
},
{
  "model": "BaaS.bike",
  "pk": 90,
  "fields": {
    "current_station": 18,
    "available": true,
    "keycode": "0000"
  }
},
{
  "model": "BaaS.bike",
  "pk": 91,
  "fields": {
    "current_station": 19,
    "available": true,
    "keycode": "0000"
  }
},
{
  "model": "sessions.session",
  "pk": "32lkp5ezsbgeb0x3knwkhh88b56pm88t",
  "fields": {
    "session_data": "e30:1oCIxE:-qOqfYe-JxwTzSXGvcB3f760F2waEmnOPXXssUzyT7Q",
    "expire_date": "2022-07-29T10:53:52.243Z"
  }
},
{
  "model": "sessions.session",
  "pk": "3jlyyvan7whpxk8vr4tld7vbj2c5yu44",
  "fields": {
    "session_data": ".eJxVjEEOwiAQRe_C2hCGwlBcuvcMBGZAqoYmpV0Z765NutDtf-_9lwhxW2vYel7CxOIsQJx-txTpkdsO-B7bbZY0t3WZktwVedAurzPn5-Vw_w5q7PVbEypi9IU0l2TIW7KAbEZUDK4knck4BYiGjVc0srYATrmSBzew1ijeH-3yN3Q:1oTMCk:RODEr84QzRajoNbCKQs5oZMgwnSGhOOXm9kTZOrjtcU",
    "expire_date": "2022-09-14T11:48:22.834Z"
  }
},
{
  "model": "sessions.session",
  "pk": "4gqa0ddfwlpvnotr0sr02qzmny1fd8e4",
  "fields": {
    "session_data": "e30:1oCIwn:HuZsjtuSrizZ3emTUbGEftrxnPMJcTShjVDYecpxsHQ",
    "expire_date": "2022-07-29T10:53:25.973Z"
  }
},
{
  "model": "sessions.session",
  "pk": "5nsz8oxi7c4jtu121jdd8b3zinhn2vwm",
  "fields": {
    "session_data": ".eJxVjDsOwjAQBe_iGlmsN_5ASZ8zWF7vBgeQI8VJhbg7iZQC2pl5761iWpcS1yZzHFldFajTL6OUn1J3wY9U75POU13mkfSe6MM23U8sr9vR_h2U1Mq2Dh4CW9OBH0I2HiVLQNOxkFhL4pi8O4tDg2gH3hgYy-QY5SJAENTnC9qnN98:1oE8Pk:EhPuyybnqAIaJou4r7YciXzIIvPGMYHQwjcxZavt5OE",
    "expire_date": "2022-08-03T12:02:52.042Z"
  }
},
{
  "model": "sessions.session",
  "pk": "jgg3grz5olmyyuwofape7kwjn1khtuns",
  "fields": {
    "session_data": ".eJxVjEEOwiAQRe_C2hCGwlBcuvcMBGZAqoYmpV0Z765NutDtf-_9lwhxW2vYel7CxOIsQJx-txTpkdsO-B7bbZY0t3WZktwVedAurzPn5-Vw_w5q7PVbEypi9IU0l2TIW7KAbEZUDK4knck4BYiGjVc0srYATrmSBzew1ijeH-3yN3Q:1oOHEY:14V9SRmGk3ymIYfmdyAxqKMBpcso2xEaROYKzDrrIBA",
    "expire_date": "2022-08-31T11:29:14.949Z"
  }
},
{
  "model": "sessions.session",
  "pk": "nvfvfxw0cjwwx8a0ogrufsd02bgpgfan",
  "fields": {
    "session_data": ".eJxVjDsOwjAQBe_iGlmsN_5ASZ8zWF7vBgeQI8VJhbg7iZQC2pl5761iWpcS1yZzHFldFajTL6OUn1J3wY9U75POU13mkfSe6MM23U8sr9vR_h2U1Mq2Dh4CW9OBH0I2HiVLQNOxkFhL4pi8O4tDg2gH3hgYy-QY5SJAENTnC9qnN98:1oCJ5h:dUDWr08xZmu1Ck_rGQSDJMJ5n5FyiXz_ZQqG6GdaOt0",
    "expire_date": "2022-07-29T11:02:37.973Z"
  }
},
{
  "model": "BaaS.customuser",
  "fields": {
    "password": "21232f297a57a5a743894a0e4a801fc3",
    "last_login": "2022-08-31T11:48:22.796Z",
    "is_superuser": true,
    "is_staff": true,
    "is_active": true,
    "date_joined": "2022-07-15T10:47:15.069Z",
    "email": "admin@baas.no",
    "first_name": "Admin",
    "last_name": "Admin",
    "groups": [],
    "user_permissions": []
  }
},
{
  "model": "BaaS.customuser",
  "fields": {
    "password": "202cb962ac59075b964b07152d234b70",
    "last_login": null,
    "is_superuser": false,
    "is_staff": false,
    "is_active": true,
    "date_joined": "2022-07-20T12:06:34.583Z",
    "email": "bob@bob.no",
    "first_name": "Bob",
    "last_name": "Bobson",
    "groups": [],
    "user_permissions": []
  }
},
{
  "model": "BaaS.customuser",
  "fields": {
    "password": "202cb962ac59075b964b07152d234b70",
    "last_login": null,
    "is_superuser": false,
    "is_staff": false,
    "is_active": true,
    "date_joined": "2022-07-20T12:07:09.826Z",
    "email": "Alice@alice.no",
    "first_name": "Alice",
    "last_name": "Allison",
    "groups": [],
    "user_permissions": []
  }
},
{
  "model": "BaaS.customuser",
  "fields": {
    "password": "202cb962ac59075b964b07152d234b70",
    "last_login": null,
    "is_superuser": false,
    "is_staff": false,
    "is_active": true,
    "date_joined": "2022-07-20T12:07:29.069Z",
    "email": "test@test.no",
    "first_name": "Test",
    "last_name": "User",
    "groups": [],
    "user_permissions": []
  }
},
{
  "model": "BaaS.paymentinfo",
  "pk": 1,
  "fields": {
    "user": [
      "admin@baas.no"
    ],
    "title": "Visa",
    "card_number": "4852996857479588",
    "cvv": "174",
    "expiration_year": 27,
    "expiration_month": 9
  }
},
{
  "model": "BaaS.paymentinfo",
  "pk": 2,
  "fields": {
    "user": [
      "admin@baas.no"
    ],
    "title": "Corporate",
    "card_number": "4361484986277441",
    "cvv": "354",
    "expiration_year": 26,
    "expiration_month": 9
  }
},
{
  "model": "BaaS.paymentinfo",
  "pk": 3,
  "fields": {
    "user": [
      "Alice@alice.no"
    ],
    "title": "MasterCard",
    "card_number": "4630303872860943",
    "cvv": "355",
    "expiration_year": 27,
    "expiration_month": 7
  }
},
{
  "model": "BaaS.paymentinfo",
  "pk": 4,
  "fields": {
    "user": [
      "bob@bob.no"
    ],
    "title": "Saga Debit",
    "card_number": "4030484332694738",
    "cvv": "870",
    "expiration_year": 25,
    "expiration_month": 12
  }
},
{
  "model": "BaaS.subscription",
  "pk": 1,
  "fields": {
    "subscriptiontype": 3,
    "user": [
      "admin@baas.no"
    ],
    "start_time": "2022-07-20",
    "auto_renewal": true,
    "payment": 1
  }
},
{
  "model": "BaaS.subscription",
  "pk": 2,
  "fields": {
    "subscriptiontype": 2,
    "user": [
      "Alice@alice.no"
    ],
    "start_time": "2022-07-20",
    "auto_renewal": true,
    "payment": 3
  }
},
{
  "model": "BaaS.subscription",
  "pk": 3,
  "fields": {
    "subscriptiontype": 2,
    "user": [
      "bob@bob.no"
    ],
    "start_time": "2022-07-20",
    "auto_renewal": false,
    "payment": 4
  }
},
{
  "model": "BaaS.bikerental",
  "pk": 1,
  "fields": {
    "bike": 1,
    "user": [
      "admin@baas.no"
    ],
    "start_time": "2022-07-20T12:49:09Z",
    "end_time": "2022-07-20T13:29:33Z",
    "start_station": 14,
    "end_station": 1
  }
},
{
  "model": "BaaS.bikerental",
  "pk": 2,
  "fields": {
    "bike": 58,
    "user": [
      "admin@baas.no"
    ],
    "start_time": "2022-07-19T12:19:59Z",
    "end_time": "2022-07-19T12:50:20Z",
    "start_station": 13,
    "end_station": 12
  }
},
{
  "model": "BaaS.bikerental",
  "pk": 3,
  "fields": {
    "bike": 91,
    "user": [
      "admin@baas.no"
    ],
    "start_time": "2022-07-18T14:50:43Z",
    "end_time": "2022-07-18T15:11:03Z",
    "start_station": 5,
    "end_station": 19
  }
},
{
  "model": "BaaS.bikerental",
  "pk": 4,
  "fields": {
    "bike": 54,
    "user": [
      "admin@baas.no"
    ],
    "start_time": "2022-07-15T19:31:33Z",
    "end_time": "2022-07-15T19:51:58Z",
    "start_station": 13,
    "end_station": 11
  }
},
{
  "model": "BaaS.bikerental",
  "pk": 5,
  "fields": {
    "bike": 33,
    "user": [
      "admin@baas.no"
    ],
    "start_time": "2022-07-10T08:49:33Z",
    "end_time": "2022-07-10T09:28:04Z",
    "start_station": 16,
    "end_station": 6
  }
},
{
  "model": "BaaS.bikerental",
  "pk": 6,
  "fields": {
    "bike": 38,
    "user": [
      "admin@baas.no"
    ],
    "start_time": "2022-06-29T12:53:39Z",
    "end_time": "2022-06-29T13:24:14Z",
    "start_station": 15,
    "end_station": 8
  }
},
{
  "model": "BaaS.bikerental",
  "pk": 7,
  "fields": {
    "bike": 2,
    "user": [
      "Alice@alice.no"
    ],
    "start_time": "2022-07-20T09:44:47Z",
    "end_time": "2022-07-20T09:55:13Z",
    "start_station": 2,
    "end_station": 1
  }
},
{
  "model": "BaaS.bikerental",
  "pk": 8,
  "fields": {
    "bike": 2,
    "user": [
      "Alice@alice.no"
    ],
    "start_time": "2022-07-20T10:05:48Z",
    "end_time": "2022-07-20T10:26:05Z",
    "start_station": 1,
    "end_station": 2
  }
},
{
  "model": "BaaS.bikerental",
  "pk": 9,
  "fields": {
    "bike": 2,
    "user": [
      "Alice@alice.no"
    ],
    "start_time": "2022-07-20T12:56:22Z",
    "end_time": "2022-07-20T13:16:40Z",
    "start_station": 2,
    "end_station": 1
  }
},
{
  "model": "BaaS.bikerental",
  "pk": 10,
  "fields": {
    "bike": 79,
    "user": [
      "bob@bob.no"
    ],
    "start_time": "2022-07-20T12:57:00Z",
    "end_time": "2022-07-20T15:57:17Z",
    "start_station": 10,
    "end_station": 16
  }
},
{
  "model": "admin.logentry",
  "pk": 1,
  "fields": {
    "action_time": "2022-07-20T12:04:36.861Z",
    "user": [
      "admin@baas.no"
    ],
    "content_type": [
      "BaaS",
      "subscriptiontype"
    ],
    "object_id": "1",
    "object_repr": "Day pass",
    "action_flag": 1,
    "change_message": "[{\"added\": {}}]"
  }
},
{
  "model": "admin.logentry",
  "pk": 2,
  "fields": {
    "action_time": "2022-07-20T12:05:16.922Z",
    "user": [
      "admin@baas.no"
    ],
    "content_type": [
      "BaaS",
      "subscriptiontype"
    ],
    "object_id": "2",
    "object_repr": "Monthly subscription",
    "action_flag": 1,
    "change_message": "[{\"added\": {}}]"
  }
},
{
  "model": "admin.logentry",
  "pk": 3,
  "fields": {
    "action_time": "2022-07-20T12:05:57.797Z",
    "user": [
      "admin@baas.no"
    ],
    "content_type": [
      "BaaS",
      "subscriptiontype"
    ],
    "object_id": "3",
    "object_repr": "Season pass",
    "action_flag": 1,
    "change_message": "[{\"added\": {}}]"
  }
},
{
  "model": "admin.logentry",
  "pk": 4,
  "fields": {
    "action_time": "2022-07-20T12:06:34.606Z",
    "user": [
      "admin@baas.no"
    ],
    "content_type": [
      "BaaS",
      "customuser"
    ],
    "object_id": "2",
    "object_repr": "bob@bob.no",
    "action_flag": 1,
    "change_message": "[{\"added\": {}}]"
  }
},
{
  "model": "admin.logentry",
  "pk": 5,
  "fields": {
    "action_time": "2022-07-20T12:07:09.847Z",
    "user": [
      "admin@baas.no"
    ],
    "content_type": [
      "BaaS",
      "customuser"
    ],
    "object_id": "3",
    "object_repr": "Alice@alice.no",
    "action_flag": 1,
    "change_message": "[{\"added\": {}}]"
  }
},
{
  "model": "admin.logentry",
  "pk": 6,
  "fields": {
    "action_time": "2022-07-20T12:07:29.091Z",
    "user": [
      "admin@baas.no"
    ],
    "content_type": [
      "BaaS",
      "customuser"
    ],
    "object_id": "4",
    "object_repr": "test@test.no",
    "action_flag": 1,
    "change_message": "[{\"added\": {}}]"
  }
},
{
  "model": "admin.logentry",
  "pk": 7,
  "fields": {
    "action_time": "2022-07-20T12:07:57.283Z",
    "user": [
      "admin@baas.no"
    ],
    "content_type": [
      "BaaS",
      "station"
    ],
    "object_id": "1",
    "object_repr": "Dronning Eufemias gate 30",
    "action_flag": 1,
    "change_message": "[{\"added\": {}}]"
  }
},
{
  "model": "admin.logentry",
  "pk": 8,
  "fields": {
    "action_time": "2022-07-20T12:08:32.455Z",
    "user": [
      "admin@baas.no"
    ],
    "content_type": [
      "BaaS",
      "station"
    ],
    "object_id": "2",
    "object_repr": "Karl Johans gate 27",
    "action_flag": 1,
    "change_message": "[{\"added\": {}}]"
  }
},
{
  "model": "admin.logentry",
  "pk": 9,
  "fields": {
    "action_time": "2022-07-20T12:09:45.201Z",
    "user": [
      "admin@baas.no"
    ],
    "content_type": [
      "BaaS",
      "station"
    ],
    "object_id": "3",
    "object_repr": "Grønlandsleiret 19",
    "action_flag": 1,
    "change_message": "[{\"added\": {}}]"
  }
},
{
  "model": "admin.logentry",
  "pk": 10,
  "fields": {
    "action_time": "2022-07-20T12:22:41.613Z",
    "user": [
      "admin@baas.no"
    ],
    "content_type": [
      "BaaS",
      "station"
    ],
    "object_id": "4",
    "object_repr": "Øvre slottsgate 3",
    "action_flag": 1,
    "change_message": "[{\"added\": {}}]"
  }
},
{
  "model": "admin.logentry",
  "pk": 11,
  "fields": {
    "action_time": "2022-07-20T12:23:37.878Z",
    "user": [
      "admin@baas.no"
    ],
    "content_type": [
      "BaaS",
      "station"
    ],
    "object_id": "5",
    "object_repr": "Kongens gate 1B",
    "action_flag": 1,
    "change_message": "[{\"added\": {}}]"
  }
},
{
  "model": "admin.logentry",
  "pk": 12,
  "fields": {
    "action_time": "2022-07-20T12:24:13.252Z",
    "user": [
      "admin@baas.no"
    ],
    "content_type": [
      "BaaS",
      "station"
    ],
    "object_id": "6",
    "object_repr": "Sørengkaia 124",
    "action_flag": 1,
    "change_message": "[{\"added\": {}}]"
  }
},
{
  "model": "admin.logentry",
  "pk": 13,
  "fields": {
    "action_time": "2022-07-20T12:27:07.817Z",
    "user": [
      "admin@baas.no"
    ],
    "content_type": [
      "BaaS",
      "station"
    ],
    "object_id": "7",
    "object_repr": "Youngstorget",
    "action_flag": 1,
    "change_message": "[{\"added\": {}}]"
  }
},
{
  "model": "admin.logentry",
  "pk": 14,
  "fields": {
    "action_time": "2022-07-20T12:27:50.794Z",
    "user": [
      "admin@baas.no"
    ],
    "content_type": [
      "BaaS",
      "station"
    ],
    "object_id": "8",
    "object_repr": "Akersveien 24F",
    "action_flag": 1,
    "change_message": "[{\"added\": {}}]"
  }
},
{
  "model": "admin.logentry",
  "pk": 15,
  "fields": {
    "action_time": "2022-07-20T12:28:30.223Z",
    "user": [
      "admin@baas.no"
    ],
    "content_type": [
      "BaaS",
      "station"
    ],
    "object_id": "9",
    "object_repr": "Pilestredet Park",
    "action_flag": 1,
    "change_message": "[{\"added\": {}}]"
  }
},
{
  "model": "admin.logentry",
  "pk": 16,
  "fields": {
    "action_time": "2022-07-20T12:29:03.137Z",
    "user": [
      "admin@baas.no"
    ],
    "content_type": [
      "BaaS",
      "station"
    ],
    "object_id": "10",
    "object_repr": "Slottsplassen 1",
    "action_flag": 1,
    "change_message": "[{\"added\": {}}]"
  }
},
{
  "model": "admin.logentry",
  "pk": 17,
  "fields": {
    "action_time": "2022-07-20T12:29:40.606Z",
    "user": [
      "admin@baas.no"
    ],
    "content_type": [
      "BaaS",
      "station"
    ],
    "object_id": "11",
    "object_repr": "Briskebyveien 31",
    "action_flag": 1,
    "change_message": "[{\"added\": {}}]"
  }
},
{
  "model": "admin.logentry",
  "pk": 18,
  "fields": {
    "action_time": "2022-07-20T12:30:29.433Z",
    "user": [
      "admin@baas.no"
    ],
    "content_type": [
      "BaaS",
      "station"
    ],
    "object_id": "12",
    "object_repr": "Drammensveien 39",
    "action_flag": 1,
    "change_message": "[{\"added\": {}}]"
  }
},
{
  "model": "admin.logentry",
  "pk": 19,
  "fields": {
    "action_time": "2022-07-20T12:31:11.060Z",
    "user": [
      "admin@baas.no"
    ],
    "content_type": [
      "BaaS",
      "station"
    ],
    "object_id": "13",
    "object_repr": "Frognerveien 67",
    "action_flag": 1,
    "change_message": "[{\"added\": {}}]"
  }
},
{
  "model": "admin.logentry",
  "pk": 20,
  "fields": {
    "action_time": "2022-07-20T12:32:24.836Z",
    "user": [
      "admin@baas.no"
    ],
    "content_type": [
      "BaaS",
      "station"
    ],
    "object_id": "14",
    "object_repr": "Drammensveien 177",
    "action_flag": 1,
    "change_message": "[{\"added\": {}}]"
  }
},
{
  "model": "admin.logentry",
  "pk": 21,
  "fields": {
    "action_time": "2022-07-20T12:33:15.340Z",
    "user": [
      "admin@baas.no"
    ],
    "content_type": [
      "BaaS",
      "station"
    ],
    "object_id": "15",
    "object_repr": "Vogts gate 59",
    "action_flag": 1,
    "change_message": "[{\"added\": {}}]"
  }
},
{
  "model": "admin.logentry",
  "pk": 22,
  "fields": {
    "action_time": "2022-07-20T12:33:56.552Z",
    "user": [
      "admin@baas.no"
    ],
    "content_type": [
      "BaaS",
      "station"
    ],
    "object_id": "16",
    "object_repr": "Dronning Margretes Vei 11",
    "action_flag": 1,
    "change_message": "[{\"added\": {}}]"
  }
},
{
  "model": "admin.logentry",
  "pk": 23,
  "fields": {
    "action_time": "2022-07-20T12:34:43.369Z",
    "user": [
      "admin@baas.no"
    ],
    "content_type": [
      "BaaS",
      "station"
    ],
    "object_id": "17",
    "object_repr": "Kirkeveien 59",
    "action_flag": 1,
    "change_message": "[{\"added\": {}}]"
  }
},
{
  "model": "admin.logentry",
  "pk": 24,
  "fields": {
    "action_time": "2022-07-20T12:35:23.534Z",
    "user": [
      "admin@baas.no"
    ],
    "content_type": [
      "BaaS",
      "station"
    ],
    "object_id": "18",
    "object_repr": "Kirkeveien 166",
    "action_flag": 1,
    "change_message": "[{\"added\": {}}]"
  }
},
{
  "model": "admin.logentry",
  "pk": 25,
  "fields": {
    "action_time": "2022-07-20T12:36:22.018Z",
    "user": [
      "admin@baas.no"
    ],
    "content_type": [
      "BaaS",
      "station"
    ],
    "object_id": "19",
    "object_repr": "Olaf Ryes plass 11",
    "action_flag": 1,
    "change_message": "[{\"added\": {}}]"
  }
},
{
  "model": "admin.logentry",
  "pk": 26,
  "fields": {
    "action_time": "2022-07-20T12:36:42.349Z",
    "user": [
      "admin@baas.no"
    ],
    "content_type": [
      "BaaS",
      "bike"
    ],
    "object_id": "1",
    "object_repr": "Bike #{self.pk} in {self.current_station.address}",
    "action_flag": 1,
    "change_message": "[{\"added\": {}}]"
  }
},
{
  "model": "admin.logentry",
  "pk": 27,
  "fields": {
    "action_time": "2022-07-20T12:36:46.914Z",
    "user": [
      "admin@baas.no"
    ],
    "content_type": [
      "BaaS",
      "bike"
    ],
    "object_id": "2",
    "object_repr": "Bike #{self.pk} in {self.current_station.address}",
    "action_flag": 1,
    "change_message": "[{\"added\": {}}]"
  }
},
{
  "model": "admin.logentry",
  "pk": 28,
  "fields": {
    "action_time": "2022-07-20T12:36:50.986Z",
    "user": [
      "admin@baas.no"
    ],
    "content_type": [
      "BaaS",
      "bike"
    ],
    "object_id": "3",
    "object_repr": "Bike #{self.pk} in {self.current_station.address}",
    "action_flag": 1,
    "change_message": "[{\"added\": {}}]"
  }
},
{
  "model": "admin.logentry",
  "pk": 29,
  "fields": {
    "action_time": "2022-07-20T12:36:54.734Z",
    "user": [
      "admin@baas.no"
    ],
    "content_type": [
      "BaaS",
      "bike"
    ],
    "object_id": "4",
    "object_repr": "Bike #{self.pk} in {self.current_station.address}",
    "action_flag": 1,
    "change_message": "[{\"added\": {}}]"
  }
},
{
  "model": "admin.logentry",
  "pk": 30,
  "fields": {
    "action_time": "2022-07-20T12:36:58.614Z",
    "user": [
      "admin@baas.no"
    ],
    "content_type": [
      "BaaS",
      "bike"
    ],
    "object_id": "5",
    "object_repr": "Bike #{self.pk} in {self.current_station.address}",
    "action_flag": 1,
    "change_message": "[{\"added\": {}}]"
  }
},
{
  "model": "admin.logentry",
  "pk": 31,
  "fields": {
    "action_time": "2022-07-20T12:37:07.915Z",
    "user": [
      "admin@baas.no"
    ],
    "content_type": [
      "BaaS",
      "bike"
    ],
    "object_id": "6",
    "object_repr": "Bike #{self.pk} in {self.current_station.address}",
    "action_flag": 1,
    "change_message": "[{\"added\": {}}]"
  }
},
{
  "model": "admin.logentry",
  "pk": 32,
  "fields": {
    "action_time": "2022-07-20T12:37:12.520Z",
    "user": [
      "admin@baas.no"
    ],
    "content_type": [
      "BaaS",
      "bike"
    ],
    "object_id": "7",
    "object_repr": "Bike #{self.pk} in {self.current_station.address}",
    "action_flag": 1,
    "change_message": "[{\"added\": {}}]"
  }
},
{
  "model": "admin.logentry",
  "pk": 33,
  "fields": {
    "action_time": "2022-07-20T12:37:17.748Z",
    "user": [
      "admin@baas.no"
    ],
    "content_type": [
      "BaaS",
      "bike"
    ],
    "object_id": "8",
    "object_repr": "Bike #{self.pk} in {self.current_station.address}",
    "action_flag": 1,
    "change_message": "[{\"added\": {}}]"
  }
},
{
  "model": "admin.logentry",
  "pk": 34,
  "fields": {
    "action_time": "2022-07-20T12:37:22.026Z",
    "user": [
      "admin@baas.no"
    ],
    "content_type": [
      "BaaS",
      "bike"
    ],
    "object_id": "9",
    "object_repr": "Bike #{self.pk} in {self.current_station.address}",
    "action_flag": 1,
    "change_message": "[{\"added\": {}}]"
  }
},
{
  "model": "admin.logentry",
  "pk": 35,
  "fields": {
    "action_time": "2022-07-20T12:37:26.074Z",
    "user": [
      "admin@baas.no"
    ],
    "content_type": [
      "BaaS",
      "bike"
    ],
    "object_id": "10",
    "object_repr": "Bike #{self.pk} in {self.current_station.address}",
    "action_flag": 1,
    "change_message": "[{\"added\": {}}]"
  }
},
{
  "model": "admin.logentry",
  "pk": 36,
  "fields": {
    "action_time": "2022-07-20T12:37:30.022Z",
    "user": [
      "admin@baas.no"
    ],
    "content_type": [
      "BaaS",
      "bike"
    ],
    "object_id": "11",
    "object_repr": "Bike #{self.pk} in {self.current_station.address}",
    "action_flag": 1,
    "change_message": "[{\"added\": {}}]"
  }
},
{
  "model": "admin.logentry",
  "pk": 37,
  "fields": {
    "action_time": "2022-07-20T12:37:33.755Z",
    "user": [
      "admin@baas.no"
    ],
    "content_type": [
      "BaaS",
      "bike"
    ],
    "object_id": "12",
    "object_repr": "Bike #{self.pk} in {self.current_station.address}",
    "action_flag": 1,
    "change_message": "[{\"added\": {}}]"
  }
},
{
  "model": "admin.logentry",
  "pk": 38,
  "fields": {
    "action_time": "2022-07-20T12:37:37.300Z",
    "user": [
      "admin@baas.no"
    ],
    "content_type": [
      "BaaS",
      "bike"
    ],
    "object_id": "13",
    "object_repr": "Bike #{self.pk} in {self.current_station.address}",
    "action_flag": 1,
    "change_message": "[{\"added\": {}}]"
  }
},
{
  "model": "admin.logentry",
  "pk": 39,
  "fields": {
    "action_time": "2022-07-20T12:37:41.109Z",
    "user": [
      "admin@baas.no"
    ],
    "content_type": [
      "BaaS",
      "bike"
    ],
    "object_id": "14",
    "object_repr": "Bike #{self.pk} in {self.current_station.address}",
    "action_flag": 1,
    "change_message": "[{\"added\": {}}]"
  }
},
{
  "model": "admin.logentry",
  "pk": 40,
  "fields": {
    "action_time": "2022-07-20T12:37:44.857Z",
    "user": [
      "admin@baas.no"
    ],
    "content_type": [
      "BaaS",
      "bike"
    ],
    "object_id": "15",
    "object_repr": "Bike #{self.pk} in {self.current_station.address}",
    "action_flag": 1,
    "change_message": "[{\"added\": {}}]"
  }
},
{
  "model": "admin.logentry",
  "pk": 41,
  "fields": {
    "action_time": "2022-07-20T12:37:48.731Z",
    "user": [
      "admin@baas.no"
    ],
    "content_type": [
      "BaaS",
      "bike"
    ],
    "object_id": "16",
    "object_repr": "Bike #{self.pk} in {self.current_station.address}",
    "action_flag": 1,
    "change_message": "[{\"added\": {}}]"
  }
},
{
  "model": "admin.logentry",
  "pk": 42,
  "fields": {
    "action_time": "2022-07-20T12:37:53.398Z",
    "user": [
      "admin@baas.no"
    ],
    "content_type": [
      "BaaS",
      "bike"
    ],
    "object_id": "17",
    "object_repr": "Bike #{self.pk} in {self.current_station.address}",
    "action_flag": 1,
    "change_message": "[{\"added\": {}}]"
  }
},
{
  "model": "admin.logentry",
  "pk": 43,
  "fields": {
    "action_time": "2022-07-20T12:37:56.938Z",
    "user": [
      "admin@baas.no"
    ],
    "content_type": [
      "BaaS",
      "bike"
    ],
    "object_id": "18",
    "object_repr": "Bike #{self.pk} in {self.current_station.address}",
    "action_flag": 1,
    "change_message": "[{\"added\": {}}]"
  }
},
{
  "model": "admin.logentry",
  "pk": 44,
  "fields": {
    "action_time": "2022-07-20T12:38:00.836Z",
    "user": [
      "admin@baas.no"
    ],
    "content_type": [
      "BaaS",
      "bike"
    ],
    "object_id": "19",
    "object_repr": "Bike #{self.pk} in {self.current_station.address}",
    "action_flag": 1,
    "change_message": "[{\"added\": {}}]"
  }
},
{
  "model": "admin.logentry",
  "pk": 45,
  "fields": {
    "action_time": "2022-07-20T12:38:05.158Z",
    "user": [
      "admin@baas.no"
    ],
    "content_type": [
      "BaaS",
      "bike"
    ],
    "object_id": "20",
    "object_repr": "Bike #{self.pk} in {self.current_station.address}",
    "action_flag": 1,
    "change_message": "[{\"added\": {}}]"
  }
},
{
  "model": "admin.logentry",
  "pk": 46,
  "fields": {
    "action_time": "2022-07-20T12:38:09.886Z",
    "user": [
      "admin@baas.no"
    ],
    "content_type": [
      "BaaS",
      "bike"
    ],
    "object_id": "21",
    "object_repr": "Bike #{self.pk} in {self.current_station.address}",
    "action_flag": 1,
    "change_message": "[{\"added\": {}}]"
  }
},
{
  "model": "admin.logentry",
  "pk": 47,
  "fields": {
    "action_time": "2022-07-20T12:38:13.653Z",
    "user": [
      "admin@baas.no"
    ],
    "content_type": [
      "BaaS",
      "bike"
    ],
    "object_id": "22",
    "object_repr": "Bike #{self.pk} in {self.current_station.address}",
    "action_flag": 1,
    "change_message": "[{\"added\": {}}]"
  }
},
{
  "model": "admin.logentry",
  "pk": 48,
  "fields": {
    "action_time": "2022-07-20T12:38:17.786Z",
    "user": [
      "admin@baas.no"
    ],
    "content_type": [
      "BaaS",
      "bike"
    ],
    "object_id": "23",
    "object_repr": "Bike #{self.pk} in {self.current_station.address}",
    "action_flag": 1,
    "change_message": "[{\"added\": {}}]"
  }
},
{
  "model": "admin.logentry",
  "pk": 49,
  "fields": {
    "action_time": "2022-07-20T12:38:21.377Z",
    "user": [
      "admin@baas.no"
    ],
    "content_type": [
      "BaaS",
      "bike"
    ],
    "object_id": "24",
    "object_repr": "Bike #{self.pk} in {self.current_station.address}",
    "action_flag": 1,
    "change_message": "[{\"added\": {}}]"
  }
},
{
  "model": "admin.logentry",
  "pk": 50,
  "fields": {
    "action_time": "2022-07-20T12:38:24.937Z",
    "user": [
      "admin@baas.no"
    ],
    "content_type": [
      "BaaS",
      "bike"
    ],
    "object_id": "25",
    "object_repr": "Bike #{self.pk} in {self.current_station.address}",
    "action_flag": 1,
    "change_message": "[{\"added\": {}}]"
  }
},
{
  "model": "admin.logentry",
  "pk": 51,
  "fields": {
    "action_time": "2022-07-20T12:38:28.816Z",
    "user": [
      "admin@baas.no"
    ],
    "content_type": [
      "BaaS",
      "bike"
    ],
    "object_id": "26",
    "object_repr": "Bike #{self.pk} in {self.current_station.address}",
    "action_flag": 1,
    "change_message": "[{\"added\": {}}]"
  }
},
{
  "model": "admin.logentry",
  "pk": 52,
  "fields": {
    "action_time": "2022-07-20T12:38:32.603Z",
    "user": [
      "admin@baas.no"
    ],
    "content_type": [
      "BaaS",
      "bike"
    ],
    "object_id": "27",
    "object_repr": "Bike #{self.pk} in {self.current_station.address}",
    "action_flag": 1,
    "change_message": "[{\"added\": {}}]"
  }
},
{
  "model": "admin.logentry",
  "pk": 53,
  "fields": {
    "action_time": "2022-07-20T12:38:36.464Z",
    "user": [
      "admin@baas.no"
    ],
    "content_type": [
      "BaaS",
      "bike"
    ],
    "object_id": "28",
    "object_repr": "Bike #{self.pk} in {self.current_station.address}",
    "action_flag": 1,
    "change_message": "[{\"added\": {}}]"
  }
},
{
  "model": "admin.logentry",
  "pk": 54,
  "fields": {
    "action_time": "2022-07-20T12:38:40.266Z",
    "user": [
      "admin@baas.no"
    ],
    "content_type": [
      "BaaS",
      "bike"
    ],
    "object_id": "29",
    "object_repr": "Bike #{self.pk} in {self.current_station.address}",
    "action_flag": 1,
    "change_message": "[{\"added\": {}}]"
  }
},
{
  "model": "admin.logentry",
  "pk": 55,
  "fields": {
    "action_time": "2022-07-20T12:38:43.962Z",
    "user": [
      "admin@baas.no"
    ],
    "content_type": [
      "BaaS",
      "bike"
    ],
    "object_id": "30",
    "object_repr": "Bike #{self.pk} in {self.current_station.address}",
    "action_flag": 1,
    "change_message": "[{\"added\": {}}]"
  }
},
{
  "model": "admin.logentry",
  "pk": 56,
  "fields": {
    "action_time": "2022-07-20T12:38:47.842Z",
    "user": [
      "admin@baas.no"
    ],
    "content_type": [
      "BaaS",
      "bike"
    ],
    "object_id": "31",
    "object_repr": "Bike #{self.pk} in {self.current_station.address}",
    "action_flag": 1,
    "change_message": "[{\"added\": {}}]"
  }
},
{
  "model": "admin.logentry",
  "pk": 57,
  "fields": {
    "action_time": "2022-07-20T12:38:51.620Z",
    "user": [
      "admin@baas.no"
    ],
    "content_type": [
      "BaaS",
      "bike"
    ],
    "object_id": "32",
    "object_repr": "Bike #{self.pk} in {self.current_station.address}",
    "action_flag": 1,
    "change_message": "[{\"added\": {}}]"
  }
},
{
  "model": "admin.logentry",
  "pk": 58,
  "fields": {
    "action_time": "2022-07-20T12:38:54.978Z",
    "user": [
      "admin@baas.no"
    ],
    "content_type": [
      "BaaS",
      "bike"
    ],
    "object_id": "33",
    "object_repr": "Bike #{self.pk} in {self.current_station.address}",
    "action_flag": 1,
    "change_message": "[{\"added\": {}}]"
  }
},
{
  "model": "admin.logentry",
  "pk": 59,
  "fields": {
    "action_time": "2022-07-20T12:38:58.308Z",
    "user": [
      "admin@baas.no"
    ],
    "content_type": [
      "BaaS",
      "bike"
    ],
    "object_id": "34",
    "object_repr": "Bike #{self.pk} in {self.current_station.address}",
    "action_flag": 1,
    "change_message": "[{\"added\": {}}]"
  }
},
{
  "model": "admin.logentry",
  "pk": 60,
  "fields": {
    "action_time": "2022-07-20T12:39:02.539Z",
    "user": [
      "admin@baas.no"
    ],
    "content_type": [
      "BaaS",
      "bike"
    ],
    "object_id": "35",
    "object_repr": "Bike #{self.pk} in {self.current_station.address}",
    "action_flag": 1,
    "change_message": "[{\"added\": {}}]"
  }
},
{
  "model": "admin.logentry",
  "pk": 61,
  "fields": {
    "action_time": "2022-07-20T12:39:07.041Z",
    "user": [
      "admin@baas.no"
    ],
    "content_type": [
      "BaaS",
      "bike"
    ],
    "object_id": "36",
    "object_repr": "Bike #{self.pk} in {self.current_station.address}",
    "action_flag": 1,
    "change_message": "[{\"added\": {}}]"
  }
},
{
  "model": "admin.logentry",
  "pk": 62,
  "fields": {
    "action_time": "2022-07-20T12:39:11.425Z",
    "user": [
      "admin@baas.no"
    ],
    "content_type": [
      "BaaS",
      "bike"
    ],
    "object_id": "37",
    "object_repr": "Bike #{self.pk} in {self.current_station.address}",
    "action_flag": 1,
    "change_message": "[{\"added\": {}}]"
  }
},
{
  "model": "admin.logentry",
  "pk": 63,
  "fields": {
    "action_time": "2022-07-20T12:39:15.082Z",
    "user": [
      "admin@baas.no"
    ],
    "content_type": [
      "BaaS",
      "bike"
    ],
    "object_id": "38",
    "object_repr": "Bike #{self.pk} in {self.current_station.address}",
    "action_flag": 1,
    "change_message": "[{\"added\": {}}]"
  }
},
{
  "model": "admin.logentry",
  "pk": 64,
  "fields": {
    "action_time": "2022-07-20T12:39:18.941Z",
    "user": [
      "admin@baas.no"
    ],
    "content_type": [
      "BaaS",
      "bike"
    ],
    "object_id": "39",
    "object_repr": "Bike #{self.pk} in {self.current_station.address}",
    "action_flag": 1,
    "change_message": "[{\"added\": {}}]"
  }
},
{
  "model": "admin.logentry",
  "pk": 65,
  "fields": {
    "action_time": "2022-07-20T12:39:22.642Z",
    "user": [
      "admin@baas.no"
    ],
    "content_type": [
      "BaaS",
      "bike"
    ],
    "object_id": "40",
    "object_repr": "Bike #{self.pk} in {self.current_station.address}",
    "action_flag": 1,
    "change_message": "[{\"added\": {}}]"
  }
},
{
  "model": "admin.logentry",
  "pk": 66,
  "fields": {
    "action_time": "2022-07-20T12:39:26.743Z",
    "user": [
      "admin@baas.no"
    ],
    "content_type": [
      "BaaS",
      "bike"
    ],
    "object_id": "41",
    "object_repr": "Bike #{self.pk} in {self.current_station.address}",
    "action_flag": 1,
    "change_message": "[{\"added\": {}}]"
  }
},
{
  "model": "admin.logentry",
  "pk": 67,
  "fields": {
    "action_time": "2022-07-20T12:39:30.513Z",
    "user": [
      "admin@baas.no"
    ],
    "content_type": [
      "BaaS",
      "bike"
    ],
    "object_id": "42",
    "object_repr": "Bike #{self.pk} in {self.current_station.address}",
    "action_flag": 1,
    "change_message": "[{\"added\": {}}]"
  }
},
{
  "model": "admin.logentry",
  "pk": 68,
  "fields": {
    "action_time": "2022-07-20T12:39:34.477Z",
    "user": [
      "admin@baas.no"
    ],
    "content_type": [
      "BaaS",
      "bike"
    ],
    "object_id": "43",
    "object_repr": "Bike #{self.pk} in {self.current_station.address}",
    "action_flag": 1,
    "change_message": "[{\"added\": {}}]"
  }
},
{
  "model": "admin.logentry",
  "pk": 69,
  "fields": {
    "action_time": "2022-07-20T12:39:38.195Z",
    "user": [
      "admin@baas.no"
    ],
    "content_type": [
      "BaaS",
      "bike"
    ],
    "object_id": "44",
    "object_repr": "Bike #{self.pk} in {self.current_station.address}",
    "action_flag": 1,
    "change_message": "[{\"added\": {}}]"
  }
},
{
  "model": "admin.logentry",
  "pk": 70,
  "fields": {
    "action_time": "2022-07-20T12:39:41.904Z",
    "user": [
      "admin@baas.no"
    ],
    "content_type": [
      "BaaS",
      "bike"
    ],
    "object_id": "45",
    "object_repr": "Bike #{self.pk} in {self.current_station.address}",
    "action_flag": 1,
    "change_message": "[{\"added\": {}}]"
  }
},
{
  "model": "admin.logentry",
  "pk": 71,
  "fields": {
    "action_time": "2022-07-20T12:39:46.386Z",
    "user": [
      "admin@baas.no"
    ],
    "content_type": [
      "BaaS",
      "bike"
    ],
    "object_id": "46",
    "object_repr": "Bike #{self.pk} in {self.current_station.address}",
    "action_flag": 1,
    "change_message": "[{\"added\": {}}]"
  }
},
{
  "model": "admin.logentry",
  "pk": 72,
  "fields": {
    "action_time": "2022-07-20T12:39:50.694Z",
    "user": [
      "admin@baas.no"
    ],
    "content_type": [
      "BaaS",
      "bike"
    ],
    "object_id": "47",
    "object_repr": "Bike #{self.pk} in {self.current_station.address}",
    "action_flag": 1,
    "change_message": "[{\"added\": {}}]"
  }
},
{
  "model": "admin.logentry",
  "pk": 73,
  "fields": {
    "action_time": "2022-07-20T12:39:54.644Z",
    "user": [
      "admin@baas.no"
    ],
    "content_type": [
      "BaaS",
      "bike"
    ],
    "object_id": "48",
    "object_repr": "Bike #{self.pk} in {self.current_station.address}",
    "action_flag": 1,
    "change_message": "[{\"added\": {}}]"
  }
},
{
  "model": "admin.logentry",
  "pk": 74,
  "fields": {
    "action_time": "2022-07-20T12:39:58.285Z",
    "user": [
      "admin@baas.no"
    ],
    "content_type": [
      "BaaS",
      "bike"
    ],
    "object_id": "49",
    "object_repr": "Bike #{self.pk} in {self.current_station.address}",
    "action_flag": 1,
    "change_message": "[{\"added\": {}}]"
  }
},
{
  "model": "admin.logentry",
  "pk": 75,
  "fields": {
    "action_time": "2022-07-20T12:40:02.167Z",
    "user": [
      "admin@baas.no"
    ],
    "content_type": [
      "BaaS",
      "bike"
    ],
    "object_id": "50",
    "object_repr": "Bike #{self.pk} in {self.current_station.address}",
    "action_flag": 1,
    "change_message": "[{\"added\": {}}]"
  }
},
{
  "model": "admin.logentry",
  "pk": 76,
  "fields": {
    "action_time": "2022-07-20T12:40:06.265Z",
    "user": [
      "admin@baas.no"
    ],
    "content_type": [
      "BaaS",
      "bike"
    ],
    "object_id": "51",
    "object_repr": "Bike #{self.pk} in {self.current_station.address}",
    "action_flag": 1,
    "change_message": "[{\"added\": {}}]"
  }
},
{
  "model": "admin.logentry",
  "pk": 77,
  "fields": {
    "action_time": "2022-07-20T12:40:10.204Z",
    "user": [
      "admin@baas.no"
    ],
    "content_type": [
      "BaaS",
      "bike"
    ],
    "object_id": "52",
    "object_repr": "Bike #{self.pk} in {self.current_station.address}",
    "action_flag": 1,
    "change_message": "[{\"added\": {}}]"
  }
},
{
  "model": "admin.logentry",
  "pk": 78,
  "fields": {
    "action_time": "2022-07-20T12:40:13.973Z",
    "user": [
      "admin@baas.no"
    ],
    "content_type": [
      "BaaS",
      "bike"
    ],
    "object_id": "53",
    "object_repr": "Bike #{self.pk} in {self.current_station.address}",
    "action_flag": 1,
    "change_message": "[{\"added\": {}}]"
  }
},
{
  "model": "admin.logentry",
  "pk": 79,
  "fields": {
    "action_time": "2022-07-20T12:40:17.670Z",
    "user": [
      "admin@baas.no"
    ],
    "content_type": [
      "BaaS",
      "bike"
    ],
    "object_id": "54",
    "object_repr": "Bike #{self.pk} in {self.current_station.address}",
    "action_flag": 1,
    "change_message": "[{\"added\": {}}]"
  }
},
{
  "model": "admin.logentry",
  "pk": 80,
  "fields": {
    "action_time": "2022-07-20T12:40:21.457Z",
    "user": [
      "admin@baas.no"
    ],
    "content_type": [
      "BaaS",
      "bike"
    ],
    "object_id": "55",
    "object_repr": "Bike #{self.pk} in {self.current_station.address}",
    "action_flag": 1,
    "change_message": "[{\"added\": {}}]"
  }
},
{
  "model": "admin.logentry",
  "pk": 81,
  "fields": {
    "action_time": "2022-07-20T12:40:25.032Z",
    "user": [
      "admin@baas.no"
    ],
    "content_type": [
      "BaaS",
      "bike"
    ],
    "object_id": "56",
    "object_repr": "Bike #{self.pk} in {self.current_station.address}",
    "action_flag": 1,
    "change_message": "[{\"added\": {}}]"
  }
},
{
  "model": "admin.logentry",
  "pk": 82,
  "fields": {
    "action_time": "2022-07-20T12:40:30.016Z",
    "user": [
      "admin@baas.no"
    ],
    "content_type": [
      "BaaS",
      "bike"
    ],
    "object_id": "57",
    "object_repr": "Bike #{self.pk} in {self.current_station.address}",
    "action_flag": 1,
    "change_message": "[{\"added\": {}}]"
  }
},
{
  "model": "admin.logentry",
  "pk": 83,
  "fields": {
    "action_time": "2022-07-20T12:40:33.822Z",
    "user": [
      "admin@baas.no"
    ],
    "content_type": [
      "BaaS",
      "bike"
    ],
    "object_id": "58",
    "object_repr": "Bike #{self.pk} in {self.current_station.address}",
    "action_flag": 1,
    "change_message": "[{\"added\": {}}]"
  }
},
{
  "model": "admin.logentry",
  "pk": 84,
  "fields": {
    "action_time": "2022-07-20T12:40:37.498Z",
    "user": [
      "admin@baas.no"
    ],
    "content_type": [
      "BaaS",
      "bike"
    ],
    "object_id": "59",
    "object_repr": "Bike #{self.pk} in {self.current_station.address}",
    "action_flag": 1,
    "change_message": "[{\"added\": {}}]"
  }
},
{
  "model": "admin.logentry",
  "pk": 85,
  "fields": {
    "action_time": "2022-07-20T12:40:40.995Z",
    "user": [
      "admin@baas.no"
    ],
    "content_type": [
      "BaaS",
      "bike"
    ],
    "object_id": "60",
    "object_repr": "Bike #{self.pk} in {self.current_station.address}",
    "action_flag": 1,
    "change_message": "[{\"added\": {}}]"
  }
},
{
  "model": "admin.logentry",
  "pk": 86,
  "fields": {
    "action_time": "2022-07-20T12:40:45.655Z",
    "user": [
      "admin@baas.no"
    ],
    "content_type": [
      "BaaS",
      "bike"
    ],
    "object_id": "61",
    "object_repr": "Bike #{self.pk} in {self.current_station.address}",
    "action_flag": 1,
    "change_message": "[{\"added\": {}}]"
  }
},
{
  "model": "admin.logentry",
  "pk": 87,
  "fields": {
    "action_time": "2022-07-20T12:40:51.626Z",
    "user": [
      "admin@baas.no"
    ],
    "content_type": [
      "BaaS",
      "bike"
    ],
    "object_id": "62",
    "object_repr": "Bike #{self.pk} in {self.current_station.address}",
    "action_flag": 1,
    "change_message": "[{\"added\": {}}]"
  }
},
{
  "model": "admin.logentry",
  "pk": 88,
  "fields": {
    "action_time": "2022-07-20T12:40:55.292Z",
    "user": [
      "admin@baas.no"
    ],
    "content_type": [
      "BaaS",
      "bike"
    ],
    "object_id": "63",
    "object_repr": "Bike #{self.pk} in {self.current_station.address}",
    "action_flag": 1,
    "change_message": "[{\"added\": {}}]"
  }
},
{
  "model": "admin.logentry",
  "pk": 89,
  "fields": {
    "action_time": "2022-07-20T12:40:59.410Z",
    "user": [
      "admin@baas.no"
    ],
    "content_type": [
      "BaaS",
      "bike"
    ],
    "object_id": "64",
    "object_repr": "Bike #{self.pk} in {self.current_station.address}",
    "action_flag": 1,
    "change_message": "[{\"added\": {}}]"
  }
},
{
  "model": "admin.logentry",
  "pk": 90,
  "fields": {
    "action_time": "2022-07-20T12:41:03.912Z",
    "user": [
      "admin@baas.no"
    ],
    "content_type": [
      "BaaS",
      "bike"
    ],
    "object_id": "65",
    "object_repr": "Bike #{self.pk} in {self.current_station.address}",
    "action_flag": 1,
    "change_message": "[{\"added\": {}}]"
  }
},
{
  "model": "admin.logentry",
  "pk": 91,
  "fields": {
    "action_time": "2022-07-20T12:41:08.124Z",
    "user": [
      "admin@baas.no"
    ],
    "content_type": [
      "BaaS",
      "bike"
    ],
    "object_id": "66",
    "object_repr": "Bike #{self.pk} in {self.current_station.address}",
    "action_flag": 1,
    "change_message": "[{\"added\": {}}]"
  }
},
{
  "model": "admin.logentry",
  "pk": 92,
  "fields": {
    "action_time": "2022-07-20T12:41:11.685Z",
    "user": [
      "admin@baas.no"
    ],
    "content_type": [
      "BaaS",
      "bike"
    ],
    "object_id": "67",
    "object_repr": "Bike #{self.pk} in {self.current_station.address}",
    "action_flag": 1,
    "change_message": "[{\"added\": {}}]"
  }
},
{
  "model": "admin.logentry",
  "pk": 93,
  "fields": {
    "action_time": "2022-07-20T12:41:16.195Z",
    "user": [
      "admin@baas.no"
    ],
    "content_type": [
      "BaaS",
      "bike"
    ],
    "object_id": "68",
    "object_repr": "Bike #{self.pk} in {self.current_station.address}",
    "action_flag": 1,
    "change_message": "[{\"added\": {}}]"
  }
},
{
  "model": "admin.logentry",
  "pk": 94,
  "fields": {
    "action_time": "2022-07-20T12:41:21.093Z",
    "user": [
      "admin@baas.no"
    ],
    "content_type": [
      "BaaS",
      "bike"
    ],
    "object_id": "69",
    "object_repr": "Bike #{self.pk} in {self.current_station.address}",
    "action_flag": 1,
    "change_message": "[{\"added\": {}}]"
  }
},
{
  "model": "admin.logentry",
  "pk": 95,
  "fields": {
    "action_time": "2022-07-20T12:41:24.671Z",
    "user": [
      "admin@baas.no"
    ],
    "content_type": [
      "BaaS",
      "bike"
    ],
    "object_id": "70",
    "object_repr": "Bike #{self.pk} in {self.current_station.address}",
    "action_flag": 1,
    "change_message": "[{\"added\": {}}]"
  }
},
{
  "model": "admin.logentry",
  "pk": 96,
  "fields": {
    "action_time": "2022-07-20T12:41:28.404Z",
    "user": [
      "admin@baas.no"
    ],
    "content_type": [
      "BaaS",
      "bike"
    ],
    "object_id": "71",
    "object_repr": "Bike #{self.pk} in {self.current_station.address}",
    "action_flag": 1,
    "change_message": "[{\"added\": {}}]"
  }
},
{
  "model": "admin.logentry",
  "pk": 97,
  "fields": {
    "action_time": "2022-07-20T12:41:31.931Z",
    "user": [
      "admin@baas.no"
    ],
    "content_type": [
      "BaaS",
      "bike"
    ],
    "object_id": "72",
    "object_repr": "Bike #{self.pk} in {self.current_station.address}",
    "action_flag": 1,
    "change_message": "[{\"added\": {}}]"
  }
},
{
  "model": "admin.logentry",
  "pk": 98,
  "fields": {
    "action_time": "2022-07-20T12:41:36.049Z",
    "user": [
      "admin@baas.no"
    ],
    "content_type": [
      "BaaS",
      "bike"
    ],
    "object_id": "73",
    "object_repr": "Bike #{self.pk} in {self.current_station.address}",
    "action_flag": 1,
    "change_message": "[{\"added\": {}}]"
  }
},
{
  "model": "admin.logentry",
  "pk": 99,
  "fields": {
    "action_time": "2022-07-20T12:41:40.468Z",
    "user": [
      "admin@baas.no"
    ],
    "content_type": [
      "BaaS",
      "bike"
    ],
    "object_id": "74",
    "object_repr": "Bike #{self.pk} in {self.current_station.address}",
    "action_flag": 1,
    "change_message": "[{\"added\": {}}]"
  }
},
{
  "model": "admin.logentry",
  "pk": 100,
  "fields": {
    "action_time": "2022-07-20T12:41:45.358Z",
    "user": [
      "admin@baas.no"
    ],
    "content_type": [
      "BaaS",
      "bike"
    ],
    "object_id": "75",
    "object_repr": "Bike #{self.pk} in {self.current_station.address}",
    "action_flag": 1,
    "change_message": "[{\"added\": {}}]"
  }
},
{
  "model": "admin.logentry",
  "pk": 101,
  "fields": {
    "action_time": "2022-07-20T12:41:49.328Z",
    "user": [
      "admin@baas.no"
    ],
    "content_type": [
      "BaaS",
      "bike"
    ],
    "object_id": "76",
    "object_repr": "Bike #{self.pk} in {self.current_station.address}",
    "action_flag": 1,
    "change_message": "[{\"added\": {}}]"
  }
},
{
  "model": "admin.logentry",
  "pk": 102,
  "fields": {
    "action_time": "2022-07-20T12:41:53.171Z",
    "user": [
      "admin@baas.no"
    ],
    "content_type": [
      "BaaS",
      "bike"
    ],
    "object_id": "77",
    "object_repr": "Bike #{self.pk} in {self.current_station.address}",
    "action_flag": 1,
    "change_message": "[{\"added\": {}}]"
  }
},
{
  "model": "admin.logentry",
  "pk": 103,
  "fields": {
    "action_time": "2022-07-20T12:41:57.147Z",
    "user": [
      "admin@baas.no"
    ],
    "content_type": [
      "BaaS",
      "bike"
    ],
    "object_id": "78",
    "object_repr": "Bike #{self.pk} in {self.current_station.address}",
    "action_flag": 1,
    "change_message": "[{\"added\": {}}]"
  }
},
{
  "model": "admin.logentry",
  "pk": 104,
  "fields": {
    "action_time": "2022-07-20T12:42:00.711Z",
    "user": [
      "admin@baas.no"
    ],
    "content_type": [
      "BaaS",
      "bike"
    ],
    "object_id": "79",
    "object_repr": "Bike #{self.pk} in {self.current_station.address}",
    "action_flag": 1,
    "change_message": "[{\"added\": {}}]"
  }
},
{
  "model": "admin.logentry",
  "pk": 105,
  "fields": {
    "action_time": "2022-07-20T12:42:04.435Z",
    "user": [
      "admin@baas.no"
    ],
    "content_type": [
      "BaaS",
      "bike"
    ],
    "object_id": "80",
    "object_repr": "Bike #{self.pk} in {self.current_station.address}",
    "action_flag": 1,
    "change_message": "[{\"added\": {}}]"
  }
},
{
  "model": "admin.logentry",
  "pk": 106,
  "fields": {
    "action_time": "2022-07-20T12:42:08.041Z",
    "user": [
      "admin@baas.no"
    ],
    "content_type": [
      "BaaS",
      "bike"
    ],
    "object_id": "81",
    "object_repr": "Bike #{self.pk} in {self.current_station.address}",
    "action_flag": 1,
    "change_message": "[{\"added\": {}}]"
  }
},
{
  "model": "admin.logentry",
  "pk": 107,
  "fields": {
    "action_time": "2022-07-20T12:42:12.057Z",
    "user": [
      "admin@baas.no"
    ],
    "content_type": [
      "BaaS",
      "bike"
    ],
    "object_id": "82",
    "object_repr": "Bike #{self.pk} in {self.current_station.address}",
    "action_flag": 1,
    "change_message": "[{\"added\": {}}]"
  }
},
{
  "model": "admin.logentry",
  "pk": 108,
  "fields": {
    "action_time": "2022-07-20T12:42:16.077Z",
    "user": [
      "admin@baas.no"
    ],
    "content_type": [
      "BaaS",
      "bike"
    ],
    "object_id": "83",
    "object_repr": "Bike #{self.pk} in {self.current_station.address}",
    "action_flag": 1,
    "change_message": "[{\"added\": {}}]"
  }
},
{
  "model": "admin.logentry",
  "pk": 109,
  "fields": {
    "action_time": "2022-07-20T12:42:21.151Z",
    "user": [
      "admin@baas.no"
    ],
    "content_type": [
      "BaaS",
      "bike"
    ],
    "object_id": "84",
    "object_repr": "Bike #{self.pk} in {self.current_station.address}",
    "action_flag": 1,
    "change_message": "[{\"added\": {}}]"
  }
},
{
  "model": "admin.logentry",
  "pk": 110,
  "fields": {
    "action_time": "2022-07-20T12:42:25.554Z",
    "user": [
      "admin@baas.no"
    ],
    "content_type": [
      "BaaS",
      "bike"
    ],
    "object_id": "85",
    "object_repr": "Bike #{self.pk} in {self.current_station.address}",
    "action_flag": 1,
    "change_message": "[{\"added\": {}}]"
  }
},
{
  "model": "admin.logentry",
  "pk": 111,
  "fields": {
    "action_time": "2022-07-20T12:42:29.271Z",
    "user": [
      "admin@baas.no"
    ],
    "content_type": [
      "BaaS",
      "bike"
    ],
    "object_id": "86",
    "object_repr": "Bike #{self.pk} in {self.current_station.address}",
    "action_flag": 1,
    "change_message": "[{\"added\": {}}]"
  }
},
{
  "model": "admin.logentry",
  "pk": 112,
  "fields": {
    "action_time": "2022-07-20T12:42:33.200Z",
    "user": [
      "admin@baas.no"
    ],
    "content_type": [
      "BaaS",
      "bike"
    ],
    "object_id": "87",
    "object_repr": "Bike #{self.pk} in {self.current_station.address}",
    "action_flag": 1,
    "change_message": "[{\"added\": {}}]"
  }
},
{
  "model": "admin.logentry",
  "pk": 113,
  "fields": {
    "action_time": "2022-07-20T12:42:36.651Z",
    "user": [
      "admin@baas.no"
    ],
    "content_type": [
      "BaaS",
      "bike"
    ],
    "object_id": "88",
    "object_repr": "Bike #{self.pk} in {self.current_station.address}",
    "action_flag": 1,
    "change_message": "[{\"added\": {}}]"
  }
},
{
  "model": "admin.logentry",
  "pk": 114,
  "fields": {
    "action_time": "2022-07-20T12:42:40.313Z",
    "user": [
      "admin@baas.no"
    ],
    "content_type": [
      "BaaS",
      "bike"
    ],
    "object_id": "89",
    "object_repr": "Bike #{self.pk} in {self.current_station.address}",
    "action_flag": 1,
    "change_message": "[{\"added\": {}}]"
  }
},
{
  "model": "admin.logentry",
  "pk": 115,
  "fields": {
    "action_time": "2022-07-20T12:42:46.023Z",
    "user": [
      "admin@baas.no"
    ],
    "content_type": [
      "BaaS",
      "bike"
    ],
    "object_id": "90",
    "object_repr": "Bike #{self.pk} in {self.current_station.address}",
    "action_flag": 1,
    "change_message": "[{\"added\": {}}]"
  }
},
{
  "model": "admin.logentry",
  "pk": 116,
  "fields": {
    "action_time": "2022-07-20T12:42:51.088Z",
    "user": [
      "admin@baas.no"
    ],
    "content_type": [
      "BaaS",
      "bike"
    ],
    "object_id": "91",
    "object_repr": "Bike #{self.pk} in {self.current_station.address}",
    "action_flag": 1,
    "change_message": "[{\"added\": {}}]"
  }
},
{
  "model": "admin.logentry",
  "pk": 119,
  "fields": {
    "action_time": "2022-07-20T12:46:40.806Z",
    "user": [
      "admin@baas.no"
    ],
    "content_type": [
      "BaaS",
      "paymentinfo"
    ],
    "object_id": "3",
    "object_repr": "Alice@alice.no Payment Info",
    "action_flag": 1,
    "change_message": "[{\"added\": {}}]"
  }
},
{
  "model": "admin.logentry",
  "pk": 120,
  "fields": {
    "action_time": "2022-07-20T12:47:51.509Z",
    "user": [
      "admin@baas.no"
    ],
    "content_type": [
      "BaaS",
      "paymentinfo"
    ],
    "object_id": "4",
    "object_repr": "bob@bob.no Payment Info",
    "action_flag": 1,
    "change_message": "[{\"added\": {}}]"
  }
},
{
  "model": "admin.logentry",
  "pk": 122,
  "fields": {
    "action_time": "2022-07-20T12:48:47.497Z",
    "user": [
      "admin@baas.no"
    ],
    "content_type": [
      "BaaS",
      "subscription"
    ],
    "object_id": "2",
    "object_repr": "Alice@alice.no Subscription",
    "action_flag": 1,
    "change_message": "[{\"added\": {}}]"
  }
},
{
  "model": "admin.logentry",
  "pk": 123,
  "fields": {
    "action_time": "2022-07-20T12:48:59.759Z",
    "user": [
      "admin@baas.no"
    ],
    "content_type": [
      "BaaS",
      "subscription"
    ],
    "object_id": "3",
    "object_repr": "bob@bob.no Subscription",
    "action_flag": 1,
    "change_message": "[{\"added\": {}}]"
  }
},
{
  "model": "admin.logentry",
  "pk": 124,
  "fields": {
    "action_time": "2022-07-20T12:49:58.545Z",
    "user": [
      "admin@baas.no"
    ],
    "content_type": [
      "BaaS",
      "bikerental"
    ],
    "object_id": "1",
    "object_repr": "BikeRental object (1)",
    "action_flag": 1,
    "change_message": "[{\"added\": {}}]"
  }
},
{
  "model": "admin.logentry",
  "pk": 125,
  "fields": {
    "action_time": "2022-07-20T12:50:41.944Z",
    "user": [
      "admin@baas.no"
    ],
    "content_type": [
      "BaaS",
      "bikerental"
    ],
    "object_id": "2",
    "object_repr": "BikeRental object (2)",
    "action_flag": 1,
    "change_message": "[{\"added\": {}}]"
  }
},
{
  "model": "admin.logentry",
  "pk": 126,
  "fields": {
    "action_time": "2022-07-20T12:51:32.435Z",
    "user": [
      "admin@baas.no"
    ],
    "content_type": [
      "BaaS",
      "bikerental"
    ],
    "object_id": "3",
    "object_repr": "BikeRental object (3)",
    "action_flag": 1,
    "change_message": "[{\"added\": {}}]"
  }
},
{
  "model": "admin.logentry",
  "pk": 127,
  "fields": {
    "action_time": "2022-07-20T12:52:32.430Z",
    "user": [
      "admin@baas.no"
    ],
    "content_type": [
      "BaaS",
      "bikerental"
    ],
    "object_id": "4",
    "object_repr": "BikeRental object (4)",
    "action_flag": 1,
    "change_message": "[{\"added\": {}}]"
  }
},
{
  "model": "admin.logentry",
  "pk": 128,
  "fields": {
    "action_time": "2022-07-20T12:53:38.166Z",
    "user": [
      "admin@baas.no"
    ],
    "content_type": [
      "BaaS",
      "bikerental"
    ],
    "object_id": "5",
    "object_repr": "BikeRental object (5)",
    "action_flag": 1,
    "change_message": "[{\"added\": {}}]"
  }
},
{
  "model": "admin.logentry",
  "pk": 129,
  "fields": {
    "action_time": "2022-07-20T12:54:46.598Z",
    "user": [
      "admin@baas.no"
    ],
    "content_type": [
      "BaaS",
      "bikerental"
    ],
    "object_id": "6",
    "object_repr": "BikeRental object (6)",
    "action_flag": 1,
    "change_message": "[{\"added\": {}}]"
  }
},
{
  "model": "admin.logentry",
  "pk": 130,
  "fields": {
    "action_time": "2022-07-20T12:55:47.489Z",
    "user": [
      "admin@baas.no"
    ],
    "content_type": [
      "BaaS",
      "bikerental"
    ],
    "object_id": "7",
    "object_repr": "BikeRental object (7)",
    "action_flag": 1,
    "change_message": "[{\"added\": {}}]"
  }
},
{
  "model": "admin.logentry",
  "pk": 131,
  "fields": {
    "action_time": "2022-07-20T12:56:21.493Z",
    "user": [
      "admin@baas.no"
    ],
    "content_type": [
      "BaaS",
      "bikerental"
    ],
    "object_id": "8",
    "object_repr": "BikeRental object (8)",
    "action_flag": 1,
    "change_message": "[{\"added\": {}}]"
  }
},
{
  "model": "admin.logentry",
  "pk": 132,
  "fields": {
    "action_time": "2022-07-20T12:56:54.480Z",
    "user": [
      "admin@baas.no"
    ],
    "content_type": [
      "BaaS",
      "bikerental"
    ],
    "object_id": "9",
    "object_repr": "BikeRental object (9)",
    "action_flag": 1,
    "change_message": "[{\"added\": {}}]"
  }
},
{
  "model": "admin.logentry",
  "pk": 133,
  "fields": {
    "action_time": "2022-07-20T12:57:29.459Z",
    "user": [
      "admin@baas.no"
    ],
    "content_type": [
      "BaaS",
      "bikerental"
    ],
    "object_id": "10",
    "object_repr": "BikeRental object (10)",
    "action_flag": 1,
    "change_message": "[{\"added\": {}}]"
  }
},
{
  "model": "admin.logentry",
  "pk": 134,
  "fields": {
    "action_time": "2022-07-20T12:58:41.079Z",
    "user": [
      "admin@baas.no"
    ],
    "content_type": [
      "BaaS",
      "bikerental"
    ],
    "object_id": "3",
    "object_repr": "BikeRental object (3)",
    "action_flag": 2,
    "change_message": "[{\"changed\": {\"fields\": [\"Start time\"]}}]"
  }
},
{
  "model": "admin.logentry",
  "pk": 135,
  "fields": {
    "action_time": "2022-07-20T12:59:18.416Z",
    "user": [
      "admin@baas.no"
    ],
    "content_type": [
      "BaaS",
      "bikerental"
    ],
    "object_id": "2",
    "object_repr": "BikeRental object (2)",
    "action_flag": 2,
    "change_message": "[{\"changed\": {\"fields\": [\"Start time\"]}}]"
  }
},
{
  "model": "admin.logentry",
  "pk": 136,
  "fields": {
    "action_time": "2022-08-17T11:29:14.808Z",
    "user": [
      "admin@baas.no"
    ],
    "content_type": [
      "BaaS",
      "customuser"
    ],
    "object_id": "1",
    "object_repr": "admin@baas.no",
    "action_flag": 2,
    "change_message": "[{\"changed\": {\"fields\": [\"password\"]}}]"
  }
}
]
